<!-- Dialogues -->
<npcs>
  
   <npc id="1">
     <dialogue state="0">
       <text value="Hi! #{PlayerName} "/>
	 <text value="you are welcome to my research"/>
     </dialogue>
     <dialogue state="1">
       <text value="I've already spoken with you"/>
     </dialogue>
   </npc>
  
<npc id="2">
     <dialogue state="0">
     	 <text value="Hi! #{PlayerName} Im the second NPC!"/>
     </dialogue>
     <dialogue state="1">
       <text value="Bye! ^^"/>
     </dialogue>
   </npc>


</npcs>
