<!-- Dialogues -->
<npcs>
  
   <npc id="1">
     <dialogue state="0">
       <text value="Hi Link! there are soldiers fucking"/>
	 <text value="arround, kill them all!"/>
	<text value="I hope you weren't shocked,"/>
     <text value="we are working on cascading texts :)"/>
     </dialogue>
     <dialogue state="1">
   <text value="I know, this is university and It's serious"/>
   <text value="But I'm a kid :D"/>

     </dialogue>
   </npc>
  
<npc id="2">
     <dialogue state="0">
     	 <text value="Hi! #{PlayerName} Im the second NPC!"/>
     </dialogue>
     <dialogue state="1">
       <text value="Bye! ^^"/>
     </dialogue>
   </npc>


</npcs>
