<!-- Castle Inside -->
<scene name = "bossRoom" map= "bossRoom.tmx">
  <sectors>
    <sector>
      <!--sector 1-->

      <music file=""/>
      <entities>

        <npcs>
          <ganon type = "9" x = "43" y = "190" id="16"/>
        </npcs>

        <enemies>
        </enemies>

	<special>
		<pillar object_type="23" x="41" y="33"/>
		<pillar object_type="23" x="56" y="33"/>
		<pillar object_type="23" x="22" y="54"/>
		<pillar object_type="23" x="75" y="54"/>
		<pillar object_type="23" x="31" y="77"/>
		<pillar object_type="23" x="66" y="77"/>
		<pillar object_type="23" x="40" y="101"/>
		<pillar object_type="23" x="56" y="101"/>
		<pillar object_type="23" x="31" y="118"/>
    <pillar object_type="23" x="67" y="118"/>
		<pillar object_type="23" x="22" y="131"/>
		<pillar object_type="23" x="74" y="131"/>
		<pillar object_type="23" x="30" y="148"/>
		<pillar object_type="23" x="66" y="148"/>
		<pillar object_type="23" x="41" y="165"/>
		<pillar object_type="23" x="57" y="165"/>
        </special>
      </entities>

      <exits>
        <exit destinyScene = "insideCastle" destinyExit = "1" x = "47" y = "224" w="2" h="1" direction = "0"/>
      </exits>

    <quests>
        <quest id = "1" >

          <reward type ="0">
            <cinematic id="3"/>
          </reward >

          <trigger type ="0">
            <collider x="15" y="180" w="800" h="8"/>
          </trigger>

        </quest>
      </quests>
    
  
    </sector>
  </sectors>
</scene>