<!-- Castle Inside -->
<scene name = "insideCastle" map= "Inside Castle.tmx">
  <sectors>
    <sector>
      <!--sector 1-->
      <entities>

        <npcs>
          <sample type = "0" x = "133" y = "237" id="1"/>
        </npcs>

        <enemies>
          <sample type = "1" x = "125" y = "202">
		<patrol x="125" y="202"/>
		<patrol x="125" y="212"/>
 	  </sample >
 	<sample type = "1" x = "130" y = "202"/>
        </enemies>

        <special>
          <!--rocks, grass, etc-->
          <sample type = "0" x = "150" y = "150" />
        </special>
      </entities>
      <exits>
        <exit destiny = "Forest" x = "0" y = "10" />
        <exit destiny = "Castle" x = "150" y = "150" />
        <exit destiny = "GreenZone" x = "150" y = "300" />
        <exit destiny = "shop" x = "20" y = "20" />
        <exit destiny = "houseLink" x = "40" y = "20" />
        <exit destiny = "house1" x = "40" y = "80" />
        <exit destiny = "house2" x = "40" y = "80" />
        <exit destiny = "house3" x = "100" y = "80" />
        <exit destiny = "house4" x = "100" y = "20" />
        <exit destiny = "tavern" x = "100" y = "120" />
        <exit destiny = "farm" x = "200" y = "200" />
      </exits>
    </sector>
  </sectors>
</scene>