<!-- Castle Inside -->
<scene name = "insideCastle" map= "insideCastle.tmx">
  <sectors>
    <sector>
      <!--sector 1-->
      <entities>

        <npcs>
          <sample type = "0" x = "133" y = "237" id="1"/>
        </npcs>

        <enemies>
          <sample type = "1" x = "96" y = "185">
		<patrol x="96" y = "185"/>
		<patrol x="96" y = "192"/>
 	  </sample >
 	<sample type = "1" x = "121" y = "185">
	<patrol x = "121" y = "185"/>
	<patrol x="121" y = "192"/>
 	  </sample >


	<sample type = "1" x = "140" y = "175">
<patrol x = "140" y = "175"/>
	<patrol x = "129" y = "175"/>
 	  </sample >
	<sample type = "1" x = "119" y = "161">
<patrol x = "119" y = "161"/>
	<patrol x="119" y = "170"/>
 	  </sample >
	<sample type = "1" x = "77" y = "164">
<patrol x = "77" y = "164"/>
	<patrol x="77" y = "174"/>
 	  </sample >

	<sample type = "1" x = "72" y = "113"/>
	<sample type = "1" x = "144" y = "113"/>
	<sample type = "1" x = "123" y = "118"/>
	<sample type = "1" x = "94" y = "118"/>


	<sample type = "1" x = "18" y = "159"/>
	<sample type = "1" x = "30" y = "172"/>



<sample type = "1" x = "107" y = "201">
		<patrol x = "107" y = "201"/>
		<patrol x="107" y = "210"/>
 	  </sample >

        </enemies>

        <special>
          <!--rocks, grass, etc-->
          <sample type = "0" x = "150" y = "150" />
        </special>
      </entities>

      <exits>
        <exit destinyScene = "outsideCastle" destinyExit = "0" x = "133" y = "254" w="2" h="1" direction = "0"/>
      </exits>

    </sector>
  </sectors>
</scene>