<!-- Castle Inside -->
<scene name = "insideCastle" map= "insideCastle.tmx">
  <sectors>
    <sector>
      <!--sector 1-->
      <entities>

        <npcs>
          <sample type = "0" x = "133" y = "237" id="1"/>
        </npcs>

        <enemies>
          <sample type = "1" x = "125" y = "202">
		<patrol x="125" y="202"/>
		<patrol x="125" y="212"/>
 	  </sample >
 	<sample type = "1" x = "130" y = "202"/>
        </enemies>

        <special>
          <!--rocks, grass, etc-->
          <sample type = "0" x = "150" y = "150" />
        </special>
      </entities>

      <exits>
        <exit destinyScene = "outsideCastle" destinyExit = "1" x = "133" y = "254" w="2" h="1" direction = "0"/>
      </exits>

    </sector>
  </sectors>
</scene>