<!-- Castle Inside -->
<scene name = "insideCastle" map= "insideCastle.tmx">
  <sectors>
    <sector>
      <!--sector 1-->
      <entities>

        <npcs>
        </npcs>

        <enemies>
          <sample type = "1" x = "107" y = "209">
			<patrol x="107" y = "209"/>
			<patrol x="107" y = "218"/>
 	 	</sample >

 		<sample type = "1" x = "97" y = "182">
			<patrol x = "97" y = "182"/>
			<patrol x = "97" y = "191"/>
 	 	</sample >
		<sample type = "1" x = "120" y = "184">
			<patrol x = "120" y = "184"/>
			<patrol x = "120" y = "191"/>
 	 	</sample >

		<sample type = "1" x = "140" y = "174">
			<patrol x = "140" y = "174"/>
			<patrol x = "130" y = "174"/>
 	  	</sample >
		<sample type = "1" x = "123" y = "164">
			<patrol x = "123" y = "164"/>
			<patrol x="123" y="170"/>
 	  	</sample >
		<sample type = "1" x = "81" y = "165">
			<patrol x = "81" y = "165"/>
			<patrol x="79" y = "174"/>
 	  	</sample >

		<sample type = "1" x = "121" y = "125">
			<patrol x = "121" y = "125"/>
			<patrol x = "115" y = "125"/>
 	  	</sample >
		<sample type = "1" x = "95" y = "126">
			<patrol x = "95" y = "126"/>
			<patrol x = "105" y = "126"/>
 	  	</sample >
		<sample type = "1" x = "72" y = "121">
			<patrol x = "72" y = "121"/>
			<patrol x = "85" y = "112"/>
 	  	</sample >
		<sample type = "1" x = "144" y = "121">
			<patrol x = "144" y = "144"/>
			<patrol x = "136" y = "112"/>
 	  	</sample >


		<sample type = "1" x = "41" y = "158"/>
		<sample type = "1" x = "31" y = "158"/>

		<sample type = "1" x = "186" y = "173"/>

		<sample type = "1" x = "246" y = "176"/>
		<sample type = "1" x = "232" y = "145"/>
		<sample type = "1" x = "250" y = "105"/>

		<sample type = "1" x = "242" y = "29"/>
		<sample type = "1" x = "260" y = "29"/>

		<sample type = "1" x = "102" y = "117"/>
		<sample type = "1" x = "115" y = "117"/>

		<sample type = "1" x = "34" y = "172"/>
		<sample type = "1" x = "33" y = "167"/>

		<sample type = "1" x = "108" y = "144"/>

		<sample type = "1" x = "249" y = "165"/>
		<sample type = "1" x = "241" y = "164"/>

		<sample type = "1" x = "246" y = "57"/>
		<sample type = "1" x = "255" y = "57"/>
		<sample type = "1" x = "240" y = "67"/>
		<sample type = "1" x = "260" y = "67"/>

		<sample type = "1" x = "251" y = "34"/>

		<sample type = "1" x = "248" y = "137"/>
		<sample type = "1" x = "248" y = "141"/>
		<sample type = "1" x = "264" y = "103"/>
		<sample type = "1" x = "236" y = "104"/>

		<sample type = "1" x = "36" y = "129"/>
		<sample type = "1" x = "184" y = "138"/>

        </enemies>
      </entities>

      <exits>
        <exit destinyScene = "outsideCastle" destinyExit = "0" x = "107" y = "237" w="2" h="1" direction = "0"/>
      </exits>

    </sector>
  </sectors>
</scene>