<!-- kakariko village -->
<scene name = "kakarikoVillage" map= "kakarikoVillage.tmx">
  <sectors>
    <sector>
      <!--sector 1-->
      <entities>

        <npcs>
          <sample type = "0" x = "117" y = "87" id="1"/>
	  <sample type = "1" x = "107" y = "147" id="2"/>
	  <sample type = "2" x = "142" y = "192" id="3"/>
	  <sample type = "3" x = "55" y = "191" id="4"/>
	  <sample type = "4" x = "21" y = "223" id="5"/>
	  <sample type = "5" x = "102" y = "191" id="6"/>
	  <sample type = "6" x = "92" y = "228" id="7"/>
        </npcs>

        <enemies>
        </enemies>

        <special>
          <!--rocks, grass, etc-->
          <sample type = "0" x = "150" y = "150" />
        </special>
      </entities>

      <exits>
        <exit destinyScene = "outsideCastle" destinyExit = "0" x = "87" y = "26" w="12" h="1" direction = "1"/>
	<exit destinyScene = "kakarikoForest" destinyExit = "0" x = "13" y = "221" w="1" h="12" direction = "2"/>
      </exits>

    </sector>
  </sectors>
</scene>