<!-- kakariko village -->
<scene name = "kakarikoVillage" map= "kakarikoVillage.tmx">
  <sectors>
    <sector>
      <!--sector 1-->
      <entities>

        <npcs>
        </npcs>

        <enemies>
        </enemies>

        <special>
          <!--rocks, grass, etc-->
        </special>
      </entities>

      <exits>
        <exit destinyScene = "outsideCastle" destinyExit = "1" x = "87" y = "26" w="12" h="1" direction = "1"/>
	<exit destinyScene = "kakarikoForest" destinyExit = "0" x = "13" y = "221" w="1" h="12" direction = "2"/>
      </exits>

    </sector>
  </sectors>
</scene>