<!-- Kakariko -->
<scene name = "Kakariko" map= "test.tmx">
  <sectors>
    <sector>
      <!--sector 1-->
      <entities>
        <npcs>
          <sample type = "0" x = "8" y = "8" />
        </npcs>
        <enemies>
          <sample type = "1" x = "30" y = "30" />
 	  <sample type = "1" x = "40" y = "30" />
	  <sample type = "1" x = "29" y = "30" />
 	  <sample type = "1" x = "40" y = "29" />
	  <sample type = "1" x = "30" y = "29" />
 	  <sample type = "1" x = "40" y = "30" />
	  <sample type = "1" x = "30" y = "30" />
 	  <sample type = "1" x = "40" y = "50" />
	  <sample type = "1" x = "50" y = "30" />
 	  <sample type = "1" x = "40" y = "50" />
	  <sample type = "1" x = "60" y = "29" />
 	  <sample type = "1" x = "20" y = "30" />
	  <sample type = "1" x = "40" y = "30" />
 	  <sample type = "1" x = "50" y = "50" />
	  <sample type = "1" x = "50" y = "30" />
 	  <sample type = "1" x = "40" y = "70" />
	  <sample type = "1" x = "30" y = "25" />
 	  <sample type = "1" x = "45" y = "32" />
        </enemies>
        <special>
          <!--rocks, grass, etc-->
          <sample type = "0" x = "150" y = "150" />
        </special>
      </entities>
      <exits>
        <exit destiny = "Forest" x = "0" y = "10" />
        <exit destiny = "Castle" x = "150" y = "150" />
        <exit destiny = "GreenZone" x = "150" y = "300" />
        <exit destiny = "shop" x = "20" y = "20" />
        <exit destiny = "houseLink" x = "40" y = "20" />
        <exit destiny = "house1" x = "40" y = "80" />
        <exit destiny = "house2" x = "40" y = "80" />
        <exit destiny = "house3" x = "100" y = "80" />
        <exit destiny = "house4" x = "100" y = "20" />
        <exit destiny = "tavern" x = "100" y = "120" />
        <exit destiny = "farm" x = "200" y = "200" />
      </exits>
    </sector>
  </sectors>
</scene>