<!-- Link House -->
<scene name = "linkHouse" map= "linkHouse.tmx">
  <sectors>
    <sector>
      <!--sector 1-->
      <camera locked="true"/>
      <music file="audio/music/kakarikoVillage.ogg"/>

      <entities>

        <npcs>
 		<sample type = "0" x = "6" y = "16" id="1"/>
        </npcs>

        <enemies>
		

        </enemies>

        <special>
          <!--rocks, grass, etc-->
        </special>
      </entities>

      <exits>
        <exit destinyScene = "kakarikoVillage" destinyExit = "1" x = "15" y = "24" w="2" h="1" direction = "0"/>
      </exits>

    </sector>
  </sectors>
</scene>