<!-- Castle Outside -->
<scene name = "outsideCastle" map= "outsideCastle.tmx">
  <sectors>
    <sector>
      <!--sector 1-->
      <entities>

        <npcs>
        </npcs>

        <enemies>
        </enemies>

        <special>
          <!--rocks, grass, etc-->
          <sample type = "0" x = "150" y = "150" />
        </special>
      </entities>

      <exits>
        <exit destinyScene = "insideCastle" destinyExit = "1" x = "68" y = "33" w="4" h="1" direction = "1"/>
      </exits>

    </sector>
  </sectors>
</scene>