<!-- Castle Outside -->
<scene name = "outsideCastle" map= "outsideCastle.tmx">
  <sectors>
    <sector>
      <!--sector 1-->

      <music file="audio/music/kakarikoDestroyed.ogg"/>

      <entities>

        <npcs>
		<sample type = "2" x = "92" y = "59" id="17"/>

        </npcs>

        <enemies>
		<sample type = "1" x = "82" y = "82"/>
		<sample type = "1" x = "69" y = "82"/>
		<sample type = "2" x = "75" y = "81"/>
		<sample type = "5" x = "87" y = "93"/>
        </enemies>

        <special>
          <!--rocks, grass, etc-->
          <chest object_type="9" x="102" y="50" item_inside="14" id = "18"/>
          <chest object_type="9" x="94" y="58" item_inside="16" id = "22"/>
          <stone object_type="24" x="102" y="58"/>
          <stone object_type="24" x="104" y="58"/>
        </special>
      </entities>

      <exits>
        <exit destinyScene = "insideCastle" destinyExit = "0" x = "74" y = "55" w="4" h="1" direction = "1"/>
      	<exit destinyScene = "kakarikoDestroyed" destinyExit = "0" x = "70" y = "142" w="12" h="1" direction = "0"/>
      </exits>

    </sector>
  </sectors>
</scene>