<!-- Player Animations -->
<animations>
	
	<LINK>

		<name value = "0" /> <!-- Link -->

		<IDLE> <!-- Idle -->
			<name value = "0"  />

			<UP> 
				<values name = "0" x ="97" y = "166" w = "16" h = "23" frameNumber = "1" margin = "" pivot_x = "8" pivot_y = "19" flip= "0"/>
			</UP>

			<DOWN> 
				<values name = "1" x ="97" y = "129" w = "16" h = "23" frameNumber = "1" margin = "" pivot_x = "8" pivot_y = "19" flip= "0"/>
			</DOWN>

			<RIGHT> 
				<values name = "2" x ="97" y = "205" w = "16" h = "23" frameNumber = "1" margin = "" pivot_x = "8" pivot_y = "19" flip= "0"/>
			</RIGHT>

			<LEFT> 
				<values name = "3" x ="97" y = "205" w = "16" h = "23" frameNumber = "1" margin = "" pivot_x = "8" pivot_y = "19" flip= "1"/>
			</LEFT>
					
			<loop value = "1" />

			<speed value = "0.15" />

		</IDLE>

		<WALKING> <!-- Walking -->
			<name value = "1"  />

			<UP> 
				<values name = "0" x ="97" y = "166" w = "16" h = "23" frameNumber = "1" margin = "" pivot_x = "8" pivot_y = "19" flip= "0"/>
			</UP>

			<DOWN> 
				<values name = "1" x ="97" y = "129" w = "16" h = "23" frameNumber = "1" margin = "" pivot_x = "8" pivot_y = "19" flip= "0"/>
			</DOWN>

			<RIGHT> 
				<values name = "2" x ="97" y = "205" w = "16" h = "23" frameNumber = "1" margin = "" pivot_x = "8" pivot_y = "19" flip= "0"/>
			</RIGHT>

			<LEFT> 
				<values name = "3" x ="97" y = "205" w = "16" h = "23" frameNumber = "1" margin = "" pivot_x = "8" pivot_y = "19" flip= "1"/>
			</LEFT>
					
			<loop value = "1" />

			<speed value = "0.15" />

		</WALKING>



	</LINK>


</animations>
