<!-- Player Animations -->
<animations>
	
	<LINK>

		<name value = "0" /> <!-- Link -->

		<IDLE> <!-- Idle -->
			<name value = "0"  />

			<UP> 
				<values name = "0" x ="57" y = "33" w = "16" h = "23" frameNumber = "1" margin = "" pivot_x = "8" pivot_y = "20" flip= "0"/>
			</UP>

			<DOWN> 
				<values name = "1" x ="57" y = "5" w = "16" h = "23" frameNumber = "1" margin = "" pivot_x = "8" pivot_y = "20" flip= "0"/>
			</DOWN>

			<RIGHT> 
				<values name = "2" x ="57" y = "61" w = "16" h = "23" frameNumber = "1" margin = "" pivot_x = "8" pivot_y = "20" flip= "0"/>
			</RIGHT>

			<LEFT> 
				<values name = "3" x ="57" y = "61" w = "16" h = "23" frameNumber = "1" margin = "" pivot_x = "8" pivot_y = "20" flip= "1"/>
			</LEFT>
					
			<loop value = "1" />

			<speed value = "0.15" />

		</IDLE>

		<WALKING> <!-- Walking -->
			<name value = "1"  />

			<UP> 
				<values name = "0" x ="6" y = "33" w = "16" h = "23" frameNumber = "12" margin = "1" pivot_x = "8" pivot_y = "20" flip= "0"/>
			</UP>

			<DOWN> 
				<values name = "1" x ="6" y = "5" w = "16" h = "23" frameNumber = "12" margin = "1" pivot_x = "8" pivot_y = "20" flip= "0"/>
			</DOWN>

			<RIGHT> 
				<values name = "2" x ="6" y = "61" w = "16" h = "23" frameNumber = "12" margin = "1" pivot_x = "8" pivot_y = "20" flip= "0"/>
			</RIGHT>

			<LEFT> 
				<values name = "3" x ="6" y = "61" w = "16" h = "23" frameNumber = "12" margin = "1" pivot_x = "8" pivot_y = "20" flip= "1"/>
			</LEFT>
					
			<loop value = "1" />

			<speed value = "0.6" />

		</WALKING>



	</LINK>


</animations>
