<?xml version="1.0" encoding="utf-8"?>

<fx>
  <fx name="audio/fx/Player/attack.wav"  id="1"/> 
  <fx name="audio/fx/Player/lifeRefill.wav"  id="2"/>
  <fx name="audio/fx/Player/lift.wav"  id="3"/>
  <fx name="audio/fx/Player/linkDie.wav"  id="4"/>
  <fx name="audio/fx/Player/linkHurt.wav"  id="5"/>
  <fx name="audio/fx/Player/masterSwordAttack.wav"  id="6"/>
  <fx name="audio/fx/Player/putBomb.wav"  id="7"/>
  <fx name="audio/fx/Player/spinAttack.wav"  id="8"/>
  <fx name="audio/fx/Player/throwArrow.wav"  id="9"/>
  <fx name="audio/fx/Player/walkingOnGrass.wav"  id="10"/>
  <fx name="audio/fx/Enemy/General/enemyDies.wav"  id="11"/>
  <fx name="audio/fx/Enemy/General/enemyHit.wav"  id="12"/>
  <fx name="audio/fx/Objects/bombExplode.wav"  id="13"/>
  <fx name="audio/fx/Enemy/Zelda/attackZelda.wav"  id="14"/>
  <fx name="audio/fx/Enemy/Zelda/boltStab.wav"  id="15"/>
  <fx name="audio/fx/Enemy/Zelda/fallingBolt.wav"  id="16"/>
  <fx name="audio/fx/Enemy/Zelda/normalStab.wav"  id="17"/>
  <fx name="audio/fx/Enemy/Zelda/shotArrow.wav"  id="18"/>
  <fx name="audio/fx/Enemy/Zelda/teleport.wav"  id="19"/>
  <fx name="audio/fx/Enemy/Zelda/zeldaDodge.wav"  id="20"/>
  <fx name="audio/fx/Enemy/Zelda/zeldaShout.wav"  id="21"/>
  <fx name="audio/fx/Objects/Rupee/rupee.wav"  id="22"/>
  <fx name="audio/fx/Objects/General/itemGet1.wav"  id="23"/>
  <fx name="audio/fx/Special/Grass/grassDestroyed.wav"  id="24"/>
  <fx name="audio/fx/Player/linkDodge.wav"  id="25"/>
  <fx name="audio/fx/Special/Chest/chestOpen.wav"  id="26"/>
  <fx name="audio/fx/Enemy/Wizzdrove/throwMagicAttack2.wav"  id="27"/>
  <fx name="audio/fx/Enemy/Octorock/throwRock.wav"  id="28"/>
  <fx name="audio/fx/Objects/heart_container/heartContainer1.wav"  id="29"/>
  
  <fx name="audio/fx/HUD/Dialogue/message.wav"  id="30"/>
  <fx name="audio/fx/HUD/General/cursor.wav"  id="31"/>
  <fx name="audio/fx/HUD/Menu/menuClose.wav"  id="32"/>
  <fx name="audio/fx/HUD/Menu/menuOpen.wav"  id="33"/>
  <fx name="audio/fx/HUD/Dialogue/messageFinish.wav"  id="34"/>
  
  <fx name="audio/fx/Special/door/openStoneDoor.wav"  id="35"/>
   <fx name="audio/fx/Special/Shop/wallet.wav"  id="36"/>
  
</fx>