<!-- Enemy Attributes -->
<attributes>
	<green_soldier>
		<base life = "3" speed = "30" damage ="1"/>
		<collider x = "9" y = "13" w = "16" h = "15" type = "3"/>
		<ranges hostile= "185" fight = "55" out="60" />
		<ratios attack = "500" charge_time = "1000"/>  <!-- In Miliseconds -->
		<combat_speeds chase_speed = "50" flanking_speed = "40" attack_speed = "110"/>
		<animation file = "animations/enemies/green_soldier_animations.xml"/>
  		<texture file = "textures/Enemy_sprites/Enemy.png"/>
	</green_soldier>
	<red_soldier>
		<base life = "4" speed = "30" damage ="2"/>
		<collider x = "9" y = "13" w = "16" h = "15" type = "3"/>
		<ranges hostile= "185" fight = "55" out="60" />
		<ratios attack = "500" charge_time = "1000"/>  <!-- In Miliseconds -->
		<combat_speeds chase_speed = "50" flanking_speed = "40" attack_speed = "110"/>
		<animation file = "animations/enemies/red_soldier_animations.xml"/>
  		<texture file = "textures/Enemy_sprites/Enemy.png"/>
	</red_soldier>

	<dark_zelda>
		<base life = "1" speed = "30" damage ="2"/>
		<collider x = "9" y = "13" w = "16" h = "15" type = "3"/>
		<ranges hostile= "185" fight = "55" out="60" />
		<ratios attack = "500" charge_time = "1000"/>  <!-- In Miliseconds -->
		<combat_speeds chase_speed = "50" flanking_speed = "40" attack_speed = "110"/>
		<animation file = "animations/enemies/dark_zelda_animations.xml"/>
  		<texture file = "textures/Enemy_sprites/DarkZelda.png"/>
	</dark_zelda>

	<octorok>
		<base life = "2" speed = "30" damage ="2"/>
		<collider x = "5" y = "7" w = "10" h = "15" type = "3"/>
		<ranges hostile= "185" fight = "55" out="185" />
		<ratios attack = "500"/>  <!-- In Miliseconds -->
		<animation file = "animations/enemies/octorok_animations.xml"/>
  		<texture file = "textures/Enemy_sprites/Enemy.png"/>
	</octorok>

	<wizdrove>
		<base life = "2" speed = "30" damage ="1"/>
		<collider x = "9" y = "22" w = "15" h = "18" type = "3"/>
		<ranges hostile= "185" fight = "55" out="185" />
		<ratios attack = "1000"/>  <!-- In Miliseconds -->
		<animation file = "animations/enemies/wizdrove_animations.xml"/>
  		<texture file = "textures/Enemy_sprites/Enemy.png"/>
	</wizdrove>

	<eyegore>
		<base life = "5" speed = "30" damage ="1"/>
		<collider x = "12" y = "23" w = "22" h = "22" type = "3"/>
		<ranges hostile= "185" fight = "55" out="185" />
		<ratios attack = "1000"/>  <!-- In Miliseconds -->
		<animation file = "animations/enemies/eyegore_animations.xml"/>
  		<texture file = "textures/Enemy_sprites/Enemy.png"/>
	</eyegore>
</attributes>
