<!-- Object Attributes -->
<attributes>
   <book>
 	 <base life = "1"/>
 	 <collider x = "7" y = "7" w = "10" h = "10" type = "7"/>
 	 <animation file = "animations/objects/book_animations.xml"/>
 	 <texture file = "textures/Object_sprites/book.png"/>
   </book>

   <arrow>
 	 <base life = "1" damage = "2" speed ="500"/>
 	 <collider x = "0" y = "0" w = "7" h = "15" type = "6"/>
 	 <animation file = "animations/objects/arrow_animations.xml"/>
 	 <texture file = "textures/Object_sprites/arrow.png"/>
   </arrow>
   
   <zelda_arrow>
 	 <base life = "1" damage = "1" speed ="800"/>
 	 <collider x = "0" y = "0" w = "7" h = "15" type = "18"/>
 	 <animation file = "animations/objects/arrow_animations.xml"/>
 	 <texture file = "textures/Object_sprites/arrow.png"/>
   </zelda_arrow>

   <arrow_drop>
 	 <base life = "1"/>
 	 <collider x = "0" y = "0" w = "7" h = "15" type = "7"/>
 	 <animation file = "animations/objects/arrow_animations.xml"/>
 	 <texture file = "textures/Object_sprites/arrow.png"/>
   </arrow_drop>
  
   <arrow_buy>
 	 <base life = "1" price ="15"/>
 	 <collider x = "0" y = "0" w = "7" h = "15" type = "12"/>
 	 <animation file = "animations/objects/arrow_animations.xml"/>
 	 <texture file = "textures/Object_sprites/arrow.png"/>
   </arrow_buy>

   <green_rupee>
 	 <base life = "1"/>
 	 <collider x = "8" y = "11" w = "7" h = "14" type = "7"/>
 	 <animation file = "animations/objects/green_rupee_animations.xml"/>
 	 <texture file = "textures/Object_sprites/rupees.png"/>
   </green_rupee>

   <blue_rupee>
 	 <base life = "1"/>
 	 <collider x = "8" y = "11" w = "7" h = "14" type = "7"/>
 	 <animation file = "animations/objects/blue_rupee_animations.xml"/>
 	 <texture file = "textures/Object_sprites/rupees.png"/>
   </blue_rupee>

  <red_rupee>
 	 <base life = "1"/>
 	 <collider x = "8" y = "11" w = "7" h = "14" type = "7"/>
 	 <animation file = "animations/objects/red_rupee_animations.xml"/>
 	 <texture file = "textures/Object_sprites/rupees.png"/>
   </red_rupee>

   <heart>
 	 <base life = "1"/>
 	 <collider x = "4" y = "4" w = "9" h = "8" type = "7"/>
 	 <animation file = "animations/objects/heart_animations.xml"/>
 	 <texture file = "textures/Object_sprites/heart.png"/>
   </heart>

   <bush>
 	 <base life = "1"/>
 	 <collider x = "8" y = "8" w = "16" h = "16" type = "8"/>
 	 <animation file = "animations/objects/bush_animations.xml"/>
 	 <texture file = "textures/Object_sprites/bush.png"/>
   </bush>

   <octo_stone>
 	 <base life = "1" damage = "1" speed = "200"/>
 	 <collider x = "0" y = "0" w = "6" h = "6" type = "9"/>
 	 <animation file = "animations/objects/octostone_animations.xml"/>
 	 <texture file = "textures/Enemy_sprites/Enemy.png"/>
   </octo_stone>

   <chest>
 	 <base life = "1"/>
 	 <collider x = "0" y = "0" w = "16" h = "16" type = "10"/>
 	 <animation file = "animations/objects/chest_animations.xml"/>
 	 <texture file = "textures/Object_sprites/chest.png"/>
   </chest>

  <magic_slash>
 	 <base life = "1" damage = "1" speed = "200"/>
 	 <collider x = "8" y = "6" w = "16" h = "8" type = "11"/>
 	 <animation file = "animations/objects/magic_slash_animations.xml"/>
 	 <texture file = "textures/Enemy_sprites/Enemy.png"/>
   </magic_slash>

  <bomb>
    <base life = "1"/>
    <collider x = "6" y = "10" w = "16" h = "16" type = "14"/>
    <animation file = "animations/objects/bomb_animations.xml"/>
    <texture file = "textures/Object_sprites/bomb.png"/>
  </bomb>
  
  <bomb_explosion>
    <base life = "1" damage = "6"/>
    <collider x = "23" y = "23" w = "46" h = "46" type = "17"/>
    <animation file = "animations/objects/explosion_animations.xml"/>
    <texture file = "textures/Object_sprites/explosion.png"/>
  </bomb_explosion>

 <bomb_drop>
    <base life = "1"/>
    <collider x = "6" y = "10" w = "16" h = "16" type = "12"/>
    <animation file = "animations/objects/bomb_animations.xml"/>
    <texture file = "textures/Object_sprites/bomb.png"/>
  </bomb_drop>
 
 <bomb_sac>
    <base life = "1"/>
    <collider x = "7" y = "10" w = "16" h = "16" type = "7"/>
    <animation file = "animations/objects/bomb_animations.xml"/>
    <texture file = "textures/Object_sprites/bomb.png"/>
  </bomb_sac>

<heart_container>
    <base life = "1"/>
    <collider x = "6" y = "10" w = "16" h = "16" type = "7"/>
    <animation file = "animations/objects/heart_container_animations.xml"/>
    <texture file = "textures/Object_sprites/heartContainer.png"/>
  </heart_container>

<life_potion>
    <base life = "1" price = "20"/>
    <collider x = "7" y = "8" w = "14" h = "16" type = "12"/>
    <animation file = "animations/objects/life_potion_animations.xml"/>
    <texture file = "textures/Object_sprites/lifePotion.png"/>
  </life_potion>

<sword_bolt>
    <base life = "1" damage = "1"/>
    <collider x = "18" y = "119" w = "36" h = "110" type = "16"/>
    <animation file = "animations/objects/sword_bolt_animations.xml"/>
    <texture file = "textures/Object_sprites/bolt.png"/>
  </sword_bolt>
  
<falling_bolt>
    <base life = "1" damage = "1" speed="50"/>
    <collider x = "9" y = "9" w = "18" h = "18" type = "16"/>
    <animation file = "animations/objects/falling_bolt_animations.xml"/>
    <texture file = "textures/Object_sprites/big_bolt.png"/>
  </falling_bolt>

<bow>
    <base life = "1"/>
    <collider x ="0" y = "0" w = "7" h = "16" type = "7"/>
    <animation file = "animations/objects/bow_animations.xml"/>
    <texture file = "textures/Object_sprites/bow.png"/>
</bow>

<stamina_potion>
    <base life = "1" price = "10"/>
    <collider x = "7" y = "8" w = "14" h = "16" type = "12"/>
    <animation file = "animations/objects/stamina_potion_animations.xml"/>
    <texture file = "textures/Object_sprites/staminaPotion.png"/>
</stamina_potion>

<pillar>
    <base life = "1"/>
    <collider x = "7" y = "25" w = "14" h = "30" type = "0"/>
    <animation file = "animations/objects/pillar_animations.xml"/>
    <texture file = "textures/Object_sprites/pillar.png"/>
</pillar>

<stone>
    <base life = "1"/>
    <collider x = "8" y = "8" w = "16" h = "15" type = "0"/>
    <animation file = "animations/objects/stone_animations.xml"/>
    <texture file = "textures/Object_sprites/stone.png"/>
</stone>

<boss_key>
    <base life = "1"/>
    <collider x = "7" y = "8" w = "14" h = "16" type = "7"/>
    <animation file = "animations/objects/boss_key_animations.xml"/>
    <texture file = "textures/Object_sprites/boss_key.png"/>
</boss_key>

  <interruptor>
    <base life = "1"/>
    <collider x = "5" y = "12" w = "10" h = "9" type = "19"/>
    <animation file = "animations/objects/interruptor_animations.xml"/>
    <texture file ="textures/Object_sprites/interruptor.png"/>
  </interruptor>

  <stone_door>
    <base life = "1"/>
    <collider x = "17" y = "15" w = "32" h = "24" type = "0"/>
    <animation file = "animations/objects/stone_door_animations.xml"/>
    <texture file ="textures/Object_sprites/stoneDoor.png"/>
  </stone_door>
  
  
  <wood_door>
    <base life = "1"/>
    <collider x = "15" y = "14" w = "30" h = "16" type = "20"/>
    <animation file = "animations/objects/wood_door_animations.xml"/>
    <texture file ="textures/Object_sprites/woodDoor.png"/>
  </wood_door>

  <death_cloud>
    <base life = "1"/>
    <collider x = "23" y = "23" w = "46" h = "46" type = "21Add"/>
    <animation file = "animations/objects/death_cloud_animations.xml"/>
    <texture file = "textures/Object_sprites/death_cloud.png"/>
  </death_cloud>


</attributes>