<!-- Player Attributes -->
<young>
   <attributes>
  	<base life = "3" stamina = "200"  damage ="1" staminaRec = "50" speed = "70"/>
  	<attack speed = "20" staminaTax = "20" spinTax = "50"/>
  	<damaged hitTime = "100" damagedTime = "2000" damagedSpeed = "180"/>
  	<dodge speed = "300" staminaTax = "50" limit = "60"/>
  	<collider x = "6" y = "9" w = "12" h = "10" type = "1"/>
  	<animation file = "animations/young_link_animations.xml"/>
  	<texture file = "textures/Link_sprites/Link_young.png"/>
   </attributes>
</young>

<middle>
  <attributes>
    <base life = "4" stamina = "200"  damage ="1" staminaRec = "50" speed = "70"/>
    <attack speed = "20" staminaTax = "20" spinTax = "50"/>
    <damaged hitTime = "100" damagedTime = "2000" damagedSpeed = "180"/>
    <dodge speed = "300" staminaTax = "50" limit = "60"/>
    <collider x = "6" y = "9" w = "12" h = "10" type = "1"/>
    <animation file = "animations/middle_link_animations.xml"/>
    <texture file = "textures/Link_sprites/Link_middle.png"/>
  </attributes>
</middle>

<adult>
   <attributes>
  	<base life = "5" stamina = "250"  damage ="2" staminaRec = "50" speed = "120"/>
  	<attack speed = "110" staminaTax = "25" spinTax = "75"/>
  	<damaged hitTime = "100" damagedTime = "2000" damagedSpeed = "180"/>
  	<dodge speed = "320" staminaTax = "50" limit = "90"/>
  	<collider x = "6" y = "9" w = "12" h = "10" type = "1"/>
  	<animation file = "animations/old_link_animations.xml"/>
  	<texture file = "textures/Link_sprites/Link_old.png"/>
   </attributes>
</adult>