<!-- LINK RETURNS CUTSCENE -->

<Cutscene name="Final Boss entrance" id="3">

  <!--CUTSCENE ELEMENTS-->
  <elements>
    <MAP>
      <scene n="0" name="boss" active="true" scene_name="bossRoom" load="true"/>
    </MAP>

    <NPC>
      <npc n="0" name="Link" active="true" type="0" x="49" y="178" entity_id="-1" empty="true"/>
      <npc n="1" name="Zelda_npc" active="true" type="11" x="49" y="176" entity_id="1" empty="true"/>
    </NPC>

    <ENEMIES>
      <enemy n="2" name="Zelda_enemy" active="true" type="3" x="48" y="13" entity_id="99" empty="true"/>
    </ENEMIES>

    <IMAGES>
    </IMAGES>

    <TEXTS>
      <string n="0" name="Text" active="false" pos_x="270" pos_y="750" text="" />
    </TEXTS>

    <MUSIC>
	<mus n="0" name="boss_music" active="false" path="audio/music/finalBoss.ogg"/>
    </MUSIC>

    <FX>
    </FX>

    <CAMERA>
      <cam n="0" name="camera" active="true"/>
    </CAMERA>

  </elements>

  <!--EXECUTE ALL STEPS IN ORDER-->

  <steps>
    <step  n="0" start="0" duration ="-1" input="false">
      <element name="camera" action="fade_cam">
        <fading  bezier_time="1000"/>
      </element>
    </step>

    <step  n="1" start="-1" duration ="-1" input="false">
      <element name="Link" action="create"/>
    </step>
    
    <step  n="2" start="-1" duration ="-1" input="false">
      <element name="Zelda_npc" action="create"/>
    </step>

    <step  n="3" start="-1" duration ="-1" input="false">
      <element name="Link" action="move" dir="teleport">
        <movement dest_x="49" dest_y="178" speed="10"/>
      </element>
    </step>

    <step  n="4" start="-1" duration ="-1" input="false">
      <element name="Link" action="move" dir="up">
        <movement dest_x="49" dest_y="178" speed="0"/>
      </element>
    </step>

    <step  n="5" start="-1" duration ="-1" input="false">
      <element name="camera" action="unfade_cam">
        <fading  bezier_time="2000"/>
      </element>
    </step>

    <step  n="6" start="-1" duration ="-1" input="true">
      <element name="Text" action="setstring">
        <text text=" Hi Link. It's been some time, hasn't it? You've grown up."/>
      </element>
    </step>

    <step  n="7" start="-1" duration ="-1" input="true">
      <element name="Text" action="setstring">
        <text text=" You left me, Link. You disappeared, never to be seen again. I was thrown around and jailed, all these years. All these years without hearing a single word from you. Not. One. Word."/>
      </element>
    </step>

    <step  n="8" start="-1" duration ="-1" input="true">
      <element name="Text" action="setstring">
        <text text=" I grew tired, and I took matters into my own hands. And it was best this way, because I have learned to not rely on anyone anymore."/>
      </element>
    </step>

    <step  n="9" start="-1" duration ="-1" input="false">
      <element name="Zelda_npc" action="move" dir="up">
        <movement dest_x="0" dest_y="170" speed="10"/>
      </element>
    </step>

    <step  n="10" start="-1" duration ="-1" input="false">
      <element name="Zelda_npc" action="animation_teleport"/>
    </step>
    
    <step  n="11" start="-1" duration ="-1" input="false">
      <element name="Zelda_npc" action="move" dir="teleport">
        <movement dest_x="48" dest_y="13" speed="10"/>
      </element>
    </step>

    <step  n="12" start="-1" duration ="-1" input="false">
      <element name="camera" action="fade_cam">
        <fading  bezier_time="1000"/>
      </element>
    </step>

    <step  n="13" start="-1" duration ="-1" input="false">
      <element name="Link" action="move" dir="teleport">
        <movement dest_x="49" dest_y="13" speed="10"/>
      </element>
    </step>

    <step  n="14" start="-1" duration ="-1" input="false">
      <element name="Link" action="move" dir="up">
        <movement dest_x="49" dest_y="11" speed="10"/>
      </element>
    </step>

    <step  n="15" start="-1" duration ="-1" input="false">
      <element name="Zelda_npc" action="move" dir="down">
        <movement dest_x="48" dest_y="13" speed="10"/>
      </element>
    </step>

    <step n="16" start ="-1" duration="-1" input="false">
      <element name="camera" action="free"/>
    </step>

     <step  n="17" start="-1" duration ="-1" input="false">
      <element name="Link" action="move" dir="teleport">
        <movement dest_x="49" dest_y="178" speed="10"/>
      </element>
    </step>

    <step  n="18" start="-1" duration ="-1" input="false">
      <element name="camera" action="unfade_cam">
        <fading  bezier_time="1000"/>
      </element>
    </step>
 

     <step  n="19" start="-1" duration ="-1" input="true">
      <element name="Text" action="setstring">
        <text text=" Fight Me "/>
      </element>
    </step>

    <step  n="20" start="-1" duration ="-1" input="false">
      <element name="camera" action="fade_cam">
        <fading  bezier_time="1000"/>
      </element>
    </step>

    <step  n="21" start="-1" duration ="-1" input="false">
      <element name="Zelda_npc" action="move" dir="teleport">
        <movement dest_x="0" dest_y="0" speed="10"/>
      </element>
    </step>

   <step n="22" start ="-1" duration="-1" input="false">
      <element name="camera" action="lock"/>
    </step>

    <step  n="23" start="-1" duration ="-1" input="false">
      <element name="camera" action="unfade_cam">
        <fading  bezier_time="1000"/>
      </element>
    </step>

    <step  n="24" start="-1" duration ="-1" input="false">
      <element name="Zelda_enemy" action="create"/>
    </step>

    <step  n="25" start="-1" duration ="0" input="false">
      <element name="boss_music" action="play"/>
    </step>
    

  </steps>
  
</Cutscene>