<!-- In Game HUD -->
<images>
 <heart>
    <empty x="272" y="399" w="14" h="14"/>
    <mid   x="256" y="399" w="14" h="14"/>
    <full  x="240" y="399" w="14" h="14"/>
  </heart>

  <life x="174" y="414" w="88" h="14"/>

  <little_items>
    <rupees x="174" y="396" w="16"  h="16"/>
    <bombs  x="192" y="396" w="16"  h="16"/>
    <arrows x="210" y="396" w="28"  h="16"/>
  </little_items>
  
  <items>
    <frame        x="128"  y="396" w="44" h="44"/>
    <bow          x="3"  y="448" w="16" h="16"/>
    <bumerang     x="20" y="448" w="16" h="16"/>
    <bomb         x="37" y="448" w="16" h="16"/>
    <potion_red   x="54" y="448" w="16" h="16"/>
    <potion_green x="71" y="448" w="16" h="16"/>
  </items>

  <stamina>
    <bar        x="130"  y="442" w="172" h="22"/>
    <sta        x="130"  y="465" w="162" h="12"/>

  </stamina>


</images>