<!-- In Game HUD -->
<images>
 <heart>
    <empty x="393" y="125" w="14" h="14" pos_x="0" pos_y="0" active="false"/>
    <full  x="393" y="107" w="14" h="14" pos_x="0" pos_y="0" active="false"/>
  </heart>

  <numbers x="642" y="268" w="70" h="28" pos_x="0" pos_y="0" active="false"/>

  <counters>
    <rupees pos_x="-30" pos_y="40" active="true"/>
    <bombs  pos_x="-30" pos_y="40" active="true"/>
    <arrows pos_x="-30" pos_y="40" active="true"/>
  </counters>

  <life x="407" y="323" w="88" h="14" pos_x="900" pos_y="20" active="true"/>

  <little_items>
    <rupees x="356" y="107" w="16"  h="16" pos_x="175" pos_y="20" active="true"/>
    <bombs  x="374" y="107" w="16"  h="16" pos_x="275" pos_y="20" active="true"/>
    <arrows x="356" y="124" w="28"  h="16" pos_x="375" pos_y="20" active="true"/>
  </little_items>
  
  <items>
    <frame 	    pos_x="40" pos_y="20" active="true"/>
    <frame_y        x="356"  y="144" w="44" h="44" pos_x="40" pos_y="20" active="false"/>
    <frame_r        x="356"  y="189" w="44" h="44" pos_x="40" pos_y="20" active="false"/>
    <bow            x="642"  y="202" w="32" h="32"  pos_x="12" pos_y="12" active="false"/>
    <bomb           x="675"  y="202" w="32" h="32"  pos_x="12" pos_y="12" active="false"/>
    <potion_red     x="642"  y="235" w="32" h="32"  pos_x="12" pos_y="12" active="false"/>
    <potion_green   x="675"  y="235" w="32" h="32"  pos_x="12" pos_y="12" active="false"/>
  </items>

  <stamina>
    <bar	        pos_x="900" pos_y="90" draw_x="10" draw_y="10" active="true"/>
    <container    x="541"  y="303" w="172" h="22" pos_x="0" pos_y="0" active="false"/>
    <sta_g        x="356"  y="338" w="162" h="12" pos_x="0" pos_y="0" active="false"/>
    <sta_y        x="356"  y="351" w="162" h="12" pos_x="0" pos_y="0" active="false"/>
    <sta_r        x="356"  y="364" w="162" h="12" pos_x="0" pos_y="0" active="false"/>
  </stamina>

  <zelda>
    <bar              pos_x="350" pos_y="820" draw_x="10" draw_y="38" active="false"/>
    <container        x="16"   y="476" w="293" h="45" pos_x="0" pos_y="0" active="false"/>
    <full_health      x="16"   y="523" w="283" h="21" pos_x="0" pos_y="0" active="false"/>
    <mid_health       x="16"   y="545" w="283" h="21" pos_x="0" pos_y="0" active="false"/>
    <low_health       x="16"   y="567" w="283" h="21" pos_x="0" pos_y="0" active="false"/>
  </zelda>

</images>