<!-- In Game HUD -->
<images>
  <heart>
    <empty x="87" y="434" w="7" h="7"/>
    <mid   x="79" y="434" w="7" h="7"/>
    <full  x="71" y="434" w="7" h="7"/>
  </heart>

  <life x="26" y="434" w="44" h="7"/>

  <little_items>
    <rupees x="26" y="425" w="8"  h="8"/>
    <bombs  x="54" y="425" w="8"  h="8"/>
    <arrows x="75" y="425" w="14" h="8"/>
  </little_items>
  
  <items>
    <frame        x="3"  y="425" w="22" h="22"/>
    <bow          x="3"  y="448" w="16" h="16"/>
    <bumerang     x="20" y="448" w="16" h="16"/>
    <bomb         x="37" y="448" w="16" h="16"/>
    <potion_red   x="54" y="448" w="16" h="16"/>
    <potion_green x="71" y="448" w="16" h="16"/>
  </items>

  <stamina>
    <bar        x="130"  y="442" w="172" h="72"/>
    <sta        x="3"  y="425" w="22" h="22"/>
    <final_sta  x="3"  y="425" w="22" h="22"/>
  </stamina>


</images>