<!-- Zelda Animations -->
<animations>
	
		<name value = "0" /> 

		<IDLE> <!-- Idle -->
			<name value = "0"  />

			<UP> 
				<values name = "0" x ="93" y = "1" w = "20" h = "36" frameNumber = "2" margin = "1" pivot_x = "10" pivot_y = "34" flip= "0"/>
			</UP>

			<DOWN> 
				<values name = "1" x ="1" y = "1" w = "20" h = "36" frameNumber = "2" margin = "1" pivot_x = "10" pivot_y = "34" flip= "0"/>
			</DOWN>

			<RIGHT> 
				<values name = "2" x ="43" y = "1" w = "24" h = "36" frameNumber = "2" margin = "1" pivot_x = "12" pivot_y = "34" flip= "0"/>
			</RIGHT>

			<LEFT> 
				<values name = "3" x ="43" y = "1" w = "24" h = "36" frameNumber = "2" margin = "1" pivot_x = "12" pivot_y = "34" flip= "1"/>
			</LEFT>
					
			<loop value = "true" />

			<speed value = "0.1" />

		</IDLE>

		<WALKING> 
			<name value = "1"  />

			<UP> 
				<values name = "0" x ="93" y = "38" w = "20" h = "36" frameNumber = "4" margin = "1" pivot_x = "10" pivot_y = "34" flip= "0"/>
			</UP>

			<DOWN> 
				<values name = "1" x ="1" y = "38" w = "20" h = "36" frameNumber = "4" margin = "1" pivot_x = "10" pivot_y = "34" flip= "0"/>
			</DOWN>

			<RIGHT> 
				<values name = "2" x ="1" y = "75" w = "24" h = "36" frameNumber = "4" margin = "1" pivot_x = "12" pivot_y = "34" flip= "0"/>
			</RIGHT>

			<LEFT> 
				<values name = "3" x ="1" y = "75" w = "24" h = "36" frameNumber = "4" margin = "1" pivot_x = "12" pivot_y = "34" flip= "1"/>
			</LEFT>
					
			<loop value = "true" />

			<speed value = "0.1" />

		</WALKING>

		
		<CHARGE_BOW>
			<name value = "6"  />
			
			<DOWN>
				<values name = "1" x ="1" y = "111" w = "22" h = "36" frameNumber = "3" margin = "1" pivot_x = "12" pivot_y = "34" flip= "0"/>
			</DOWN>	

			<loop value = "false" />

			<speed value = "0.1" />

		</CHARGE_BOW>

  <UNCHARGE_BOW>
    <name value = "7"  />
			<DOWN> 
				<values name = "1" x ="68" y = "111" w = "22" h = "36" frameNumber = "2" margin = "1" pivot_x = "12" pivot_y = "34" flip= "0"/>
			</DOWN>
    
    <loop value = "false" />
			<speed value = "0.1" />
  </UNCHARGE_BOW>

		<TELEPORT>
			<name value = "8"  />
			
			<FRONT_APPEAR> 
				<values name = "0" x ="1" y = "186" w = "20" h = "36" frameNumber = "2" margin = "1" pivot_x = "10" pivot_y = "34" flip= "0"/>
			</FRONT_APPEAR>

			<FRONT_DISAPPEAR> 
				<values name = "1" x ="1" y = "149" w = "20" h = "36" frameNumber = "8" margin = "1" pivot_x = "10" pivot_y = "34" flip= "0"/>
			</FRONT_DISAPPEAR>

			<RIGHT_APPEAR> 
				<values name = "2" x ="1" y = "262" w = "24" h = "36" frameNumber = "2" margin = "1" pivot_x = "12" pivot_y = "34" flip= "0"/>
			</RIGHT_APPEAR>

			<RIGHT_DISAPPEAR> 
				<values name = "3" x ="1" y = "225" w = "24" h = "36" frameNumber = "2" margin = "1" pivot_x = "12" pivot_y = "34" flip= "0"/>
			</RIGHT_DISAPPEAR>

			<LEFT_APPEAR> 
				<values name = "2" x ="1" y = "262" w = "24" h = "36" frameNumber = "2" margin = "1" pivot_x = "12" pivot_y = "34" flip= "1"/>
			</LEFT_APPEAR>

			<LEFT_DISAPPEAR> 
				<values name = "3" x ="1" y = "225" w = "24" h = "36" frameNumber = "2" margin = "1" pivot_x = "12" pivot_y = "34" flip= "1"/>
			</LEFT_DISAPPEAR>

			<loop value = "true" />

			<speed value = "0.1" />

		</TELEPORT>
		
</animations>
