<!-- Enemy Attributes -->
<attributes>
	<green_soldier>
		<base life = "3" speed = "30"/>
		<collider x = "9" y = "13" w = "16" h = "15" type = "3"/>
		<ranges hostile= "200" fight = "50" out="60" />
		<ratios attack = "1000" charge_time = "1000"/>  <!-- In Miliseconds -->
		<combat_speeds chase_speed = "40" flanking_speed = "30" attack_speed = "60"/>
		<animation file = "animations/green_soldier_animations.xml"/>
  		<texture file = "textures/Enemy_sprites/Enemy.png"/>
	</green_soldier>
</attributes>
