<!-- Mandatory Enemies Animations -->
<animations>
	
	<GREEN_SOLDIER>

		<name value = "0" /> <!-- Green soldier -->

		<IDLE> <!-- Idle -->
			<name value = "0"  />

			<UP> 
				<values name = "0" x =“64” y = “0” w = “32” h = “32” frameNumber = "1" margin = "" pivot_x = "17" pivot_y = "29" flip= "0"/>
			</UP>

			<DOWN> 
				<values name = "1" x =“0” y = “0” w = “32” h = “32” frameNumber = "1" margin = "" pivot_x = "17" pivot_y = "29" flip= "0"/>
			</DOWN>

			<RIGHT> 
				<values name = "2" x =“192” y = “0” w = “32” h = “32” frameNumber = "1" margin = "" pivot_x = "17" pivot_y = "29" flip= "0"/>
			</RIGHT>

			<LEFT> 
				<values name = "3" x =“128” y = “0” w = “32” h = “32” frameNumber = "1" margin = "" pivot_x = "17" pivot_y = "29" flip= “0”/>
			</LEFT>
					
			<loop value = "true" />

			<speed value = "0.15" />

		</IDLE>

		<WALKING> <!-- Walking -->
			<name value = "1"  />

			<UP> 
				<values name = "0" x =“64” y = “0” w = "16" h = "23" frameNumber = “2” margin = "1" pivot_x = "17" pivot_y = "29" flip= "0"/>
			</UP>

			<DOWN> 
				<values name = "1" x =“0” y = “0” w = "16" h = "23" frameNumber = “2” margin = "1" pivot_x = "17" pivot_y = "29" flip= "0"/>
			</DOWN>

			<RIGHT> 
				<values name = "2" x =“192” y = “0” w = "16" h = "23" frameNumber = “2” margin = "1" pivot_x = "17" pivot_y = "29" flip= "0"/>
			</RIGHT>

			<LEFT> 
				<values name = "3" x =“128” y = “0” w = "16" h = "23" frameNumber = “2” margin = "1" pivot_x = "17" pivot_y = "29" flip= “0”/>
			</LEFT>
					
			<loop value = "true" />

			<speed value = "0.6" />

		</WALKING>

		



	</GREEN_SOLDIER>

	<RED_SOLDIER>

		<name value = "0" /> <!-- Red soldier -->

		<IDLE> <!-- Idle -->
			<name value = "0"  />

			<UP> 
				<values name = "0" x ="96" y = "32" w = "32" h = "32" frameNumber = "1" margin = "" pivot_x = "17" pivot_y = "29" flip= "0"/>
			</UP>

			<DOWN> 
				<values name = "1" x ="192" y = "32" w = "32" h = "32" frameNumber = "1" margin = "" pivot_x = "17" pivot_y = "29" flip= "0"/>
			</DOWN>

			<RIGHT> 
				<values name = "2" x ="0" y = "32" w = "32" h = "32" frameNumber = "1" margin = "" pivot_x = "17" pivot_y = "29" flip= "1"/>
			</RIGHT>

			<LEFT> 
				<values name = "3" x ="0" y = "32" w = "32" h = "32" frameNumber = "1" margin = "" pivot_x = "17" pivot_y = "29" flip= "0"/>
			</LEFT>
					
			<loop value = "true" />

			<speed value = "0.15" />

		</IDLE>

		<WALKING> <!-- Walking -->
			<name value = "1"  />

			<UP> 
				<values name = "0" x ="96" y = "32" w = "32" h = "32" frameNumber = "3" margin = "1" pivot_x = "17" pivot_y = "29" flip= "0"/>
			</UP>

			<DOWN> 
				<values name = "1" x ="192" y = "32" w = "32" h = "32" frameNumber = "3" margin = "1" pivot_x = "17" pivot_y = "29" flip= "0"/>
			</DOWN>

			<RIGHT> 
				<values name = "2" x ="0" y = "32" w = "32" h = "32" frameNumber = "3" margin = "1" pivot_x = "17" pivot_y = "29" flip= "1"/>
			</RIGHT>

			<LEFT> 
				<values name = "3" x ="0" y = "32" w = "32" h = "32" frameNumber = "3" margin = "1" pivot_x = "17" pivot_y = "29" flip= "0"/>
			</LEFT>
					
			<loop value = "true" />

			<speed value = "0.6" />

		</WALKING>


	</RED_SOLDIER>

	<STALFOS_BLUE>

		<name value = "0" /> <!-- Stalfos blue -->

		<IDLE> <!-- Idle -->
			<name value = "0"  />

			<UP> 
				<values name = "0" x =“64” y = “64” w = “32” h = “32” frameNumber = "1" margin = "" pivot_x = "17" pivot_y = "29" flip= "0"/>
			</UP>

			<DOWN> 
				<values name = "1" x =“128” y = “64” w = “32” h = “32” frameNumber = "1" margin = "" pivot_x = "17" pivot_y = "29" flip= "0"/>
			</DOWN>

			<RIGHT> 
				<values name = "2" x =“0” y = “64” w = “32” h = “32” frameNumber = "1" margin = "" pivot_x = "17" pivot_y = "29" flip= "0"/>
			</RIGHT>

			<LEFT> 
				<values name = "3" x =“0” y = “64” w = “32” h = “32” frameNumber = "1" margin = "" pivot_x = "17" pivot_y = "29" flip= "1"/>
			</LEFT>
					
			<loop value = "true" />

			<speed value = "0.15" />

		</IDLE>

		<WALKING> <!-- Walking -->
			<name value = "1"  />

			<UP> 
				<values name = "0" x =“64” y = “64” w = “32” h = “32” frameNumber = “2” margin = "1" pivot_x = "17" pivot_y = "29" flip= "0"/>
			</UP>

			<DOWN> 
				<values name = "1" x =“128” y = “64” w = “32” h = “32” frameNumber = “2” margin = "1" pivot_x = "17" pivot_y = "29" flip= "0"/>
			</DOWN>

			<RIGHT> 
				<values name = "2" x =“0” y = “64” w = “32” h = “32” frameNumber = “2” margin = "1" pivot_x = "17" pivot_y = "29" flip= "0"/>
			</RIGHT>

			<LEFT> 
				<values name = "3" x =“0” y = “64” w = “32” h = “32” frameNumber = “2” margin = "1" pivot_x = "17" pivot_y = "29" flip= "1"/>
			</LEFT>
					
			<loop value = "true" />

			<speed value = "0.6" />

		</WALKING>

		

	</STALFOS_BLUE>

	<STALFOS_YELLOW>

		<name value = "0" /> <!-- Stalfos yellow -->

		<IDLE> <!-- Idle -->
			<name value = "0"  />

			<UP> 
				<values name = "0" x =“64” y = “96” w = “32” h = “32” frameNumber = "1" margin = "" pivot_x = "17" pivot_y = "29" flip= "0"/>
			</UP>

			<DOWN> 
				<values name = "1" x =“128” y = “96” w = “32” h = “32” frameNumber = "1" margin = "" pivot_x = "17" pivot_y = "29" flip= "0"/>
			</DOWN>

			<RIGHT> 
				<values name = "2" x =“0” y = “96” w = “32” h = “32” frameNumber = "1" margin = "" pivot_x = "17" pivot_y = "29" flip= "0"/>
			</RIGHT>

			<LEFT> 
				<values name = "3" x =“0” y = “96” w = “32” h = “32” frameNumber = "1" margin = "" pivot_x = "17" pivot_y = "29" flip= "1"/>
			</LEFT>
					
			<loop value = "true" />

			<speed value = "0.15" />

		</IDLE>

		<WALKING> <!-- Walking -->
			<name value = "1"  />

			<UP> 
				<values name = "0" x =“64” y = “96” w = “32” h = “32” frameNumber = “2” margin = "1" pivot_x = "17" pivot_y = "29" flip= "0"/>
			</UP>

			<DOWN> 
				<values name = "1" x =“128” y = “96” w = “32” h = “32” frameNumber = “2” margin = "1" pivot_x = "17" pivot_y = "29" flip= "0"/>
			</DOWN>

			<RIGHT> 
				<values name = "2" x =“0” y = “96” w = “32” h = “32” frameNumber = “2” margin = "1" pivot_x = "17" pivot_y = "29" flip= "0"/>
			</RIGHT>

			<LEFT> 
				<values name = "3" x =“0” y = “96” w = “32” h = “32” frameNumber = “2” margin = "1" pivot_x = "17" pivot_y = "29" flip= "1"/>
			</LEFT>
					
			<loop value = "true" />

			<speed value = "0.6" />

		</WALKING>


	</STALFOS_YELLOW>
	
	<STALFOS_RED>

		<name value = "0" /> <!-- Stalfos red —>

		<IDLE> <!-- Idle -->
			<name value = "0"  />

			<UP> 
				<values name = "0" x =“64” y = “128” w = “32” h = “32” frameNumber = "1" margin = "" pivot_x = "17" pivot_y = "29" flip= "0"/>
			</UP>

			<DOWN> 
				<values name = "1" x =“128” y = “128” w = “32” h = “32” frameNumber = "1" margin = "" pivot_x = "17" pivot_y = "29" flip= "0"/>
			</DOWN>

			<RIGHT> 
				<values name = "2" x =“0” y = “128” w = “32” h = “32” frameNumber = "1" margin = "" pivot_x = "17" pivot_y = "29" flip= "0"/>
			</RIGHT>

			<LEFT> 
				<values name = "3" x =“0” y = “128” w = “32” h = “32” frameNumber = "1" margin = "" pivot_x = "17" pivot_y = "29" flip= "1"/>
			</LEFT>
					
			<loop value = "true" />

			<speed value = "0.15" />

		</IDLE>

		<WALKING> <!-- Walking -->
			<name value = "1"  />

			<UP> 
				<values name = "0" x =“64” y = “128” w = “32” h = “32” frameNumber = “2” margin = "1" pivot_x = "17" pivot_y = "29" flip= "0"/>
			</UP>

			<DOWN> 
				<values name = "1" x =“128” y = “128” w = “32” h = “32” frameNumber = “2” margin = "1" pivot_x = "17" pivot_y = "29" flip= "0"/>
			</DOWN>

			<RIGHT> 
				<values name = "2" x =“0” y = “128” w = “32” h = “32” frameNumber = “2” margin = "1" pivot_x = "17" pivot_y = "29" flip= "0"/>
			</RIGHT>

			<LEFT> 
				<values name = "3" x =“0” y = “128” w = “32” h = “32” frameNumber = “2” margin = "1" pivot_x = "17" pivot_y = "29" flip= "1"/>
			</LEFT>
					
			<loop value = "true" />

			<speed value = "0.6" />

		</WALKING>


	</STALFOS_RED>
	
	<TEKTITE>

		<name value = "0" /> <!-- Tektite -->

		<IDLE> <!-- Idle -->
			<name value = "0"  />

			<UP> 
				<values name = "0" x =“0” y = “160” w = “32” h = “32” frameNumber = "1" margin = "" pivot_x = "17" pivot_y = "29" flip= "0"/>
			</UP>

			<DOWN> 
				<values name = "1" x =“0” y = “160” w = “32” h = “32” frameNumber = "1" margin = "" pivot_x = "17" pivot_y = "29" flip= "0"/>
			</DOWN>

			<RIGHT> 
				<values name = "2" x =“0” y = “160” w = “32” h = “32” frameNumber = "1" margin = "" pivot_x = "17" pivot_y = "29" flip= "0"/>
			</RIGHT>

			<LEFT> 
				<values name = "3" x =“0” y = “160” w = “32” h = “32” frameNumber = "1" margin = "" pivot_x = "17" pivot_y = "29" flip= "1"/>
			</LEFT>
					
			<loop value = "true" />

			<speed value = "0.15" />

		</IDLE>

		<WALKING> <!-- Walking -->
			<name value = "1"  />

			<UP> 
				<values name = "0" x =“0” y = “160” w = “32” h = “32” frameNumber = “3” margin = "1" pivot_x = "17" pivot_y = "29" flip= "0"/>
			</UP>

			<DOWN> 
				<values name = "1" x =“0” y = “160” w = “32” h = “32” frameNumber = “3” margin = "1" pivot_x = "17" pivot_y = "29" flip= "0"/>
			</DOWN>

			<RIGHT> 
				<values name = "2" x =“0” y = “160” w = “32” h = “32” frameNumber = “3” margin = "1" pivot_x = "17" pivot_y = "29" flip= "0"/>
			</RIGHT>

			<LEFT> 
				<values name = "3" x =“0” y = “160” w = “32” h = “32” frameNumber = “3” margin = "1" pivot_x = "17" pivot_y = "29" flip= "1"/>
			</LEFT>
					
			<loop value = "true" />

			<speed value = "0.6" />

		</WALKING>

		

	</TEKTITE>

	<OKTOROKS>

		<name value = "0" /> <!-- Oktoroks -->

		<IDLE> <!-- Idle -->
			<name value = "0"  />

			<UP> 
				<values name = "0" x =“128” y = “192” w = “32” h = “32” frameNumber = "1" margin = "" pivot_x = "17" pivot_y = "29" flip= "0"/>
			</UP>

			<DOWN> 
				<values name = "1" x =“96” y = “192” w = “32” h = “32” frameNumber = "1" margin = "" pivot_x = "17" pivot_y = "29" flip= "0"/>
			</DOWN>

			<RIGHT> 
				<values name = "2" x =“160” y = “192” w = “32” h = “32” frameNumber = "1" margin = "" pivot_x = "17" pivot_y = "29" flip= “1”/>
			</RIGHT>

			<LEFT> 
				<values name = "3" x =“160” y = “192” w = “32” h = “32” frameNumber = "1" margin = "" pivot_x = "17" pivot_y = "29" flip= “0”/>
			</LEFT>
					
			<loop value = "true" />

			<speed value = "0.15" />

		</IDLE>

		<WALKING> <!-- Walking -->
			<name value = "1"  />

			<UP> 
				<values name = "0" x =“128” y = “192” w = “32” h = “32” frameNumber = “1” margin = "1" pivot_x = "17" pivot_y = "29" flip= "0"/>
			</UP>

			<DOWN> 
				<values name = "1" x =“96” y = “192” w = “32” h = “32” frameNumber = “1” margin = "1" pivot_x = "17" pivot_y = "29" flip= "0"/>
			</DOWN>

			<RIGHT> 
				<values name = "2" x =“160” y = “192” w = “32” h = “32” frameNumber = “2” margin = "1" pivot_x = "17" pivot_y = "29" flip= “1”/>
			</RIGHT>

			<LEFT> 
				<values name = "3" x =“160” y = “192” w = “32” h = “32” frameNumber = “2” margin = "1" pivot_x = "17" pivot_y = "29" flip= “0”/>
			</LEFT>
					
			<loop value = "true" />

			<speed value = "0.6" />

		</WALKING>

		<ATTACKING> <!-- ball -->
			<name value = "2" />
			
			<UP>
				<values name = "0" x = “128” y = “192” w = “32” h = “32” frameNumber = “1” margin = "1" pivot_x = "17" pivot_y = "29" flip = "0"/>
			</UP>
			
			<DOWN>
				<values name = "1" x = “0” y = “192” w = “32” h = “32” frameNumber = “3” margin = "1" pivot_x = "17" pivot_y = "29" flip = "0"/>
			</DOWN>

			<RIGHT>
				<values name = "2" x = “192” y = “192” w = “32” h = “32” frameNumber = “3” margin = "1" pivot_x = "17" pivot_y = "29" flip = “1”/>
			</RIGHT>

			<LEFT>
				<values name = "3" x = “192” y = “192” w = “32” h = “32” frameNumber = “3” margin = "1" pivot_x = "17" pivot_y = "29" flip = “0”/>
			</LEFT>

			<loop value = "false" />

			<speed value = "1.2" />

		</ATTACKING>

		

	</OKTOROKS>
	
	<BABUSU>

		<name value = "0" /> <!-- Babes -->

		<IDLE> <!-- Idle -->
			<name value = "0"  />

			<UP> 
				<values name = "0" x ="32" y = “224” w = "32" h = "32" frameNumber = "1" margin = "" pivot_x = "17" pivot_y = "29" flip= "1"/>
			</UP>

			<DOWN> 
				<values name = "1" x ="32" y = “224” w = "32" h = "32" frameNumber = "1" margin = "" pivot_x = "17" pivot_y = "29" flip= "0"/>
			</DOWN>

			<RIGHT> 
				<values name = "2" x ="32" y = “224” w = "32" h = "32" frameNumber = "1" margin = "" pivot_x = "17" pivot_y = "29" flip= "1"/>
			</RIGHT>

			<LEFT> 
				<values name = "3" x ="32" y = “224” w = "32" h = "32" frameNumber = "1" margin = "" pivot_x = "17" pivot_y = "29" flip= "0"/>
			</LEFT>
					
			<loop value = "true" />

			<speed value = "0.15" />

		</IDLE>

		


	</BABUSU>

	<BEAMOS>

		<name value = "0" /> <!-- Beamos —>

		<IDLE> <!-- Idle -->
			<name value = "0"  />

			<Static> 
				<values name = "0" x =“0” y = “256” w = “32” h = “32” frameNumber = "24" margin = "" pivot_x = "17" pivot_y = "29" flip= "0"/>
			</Static>
					
			<loop value = "true" />

			<speed value = "0.15" />

		</IDLE>

		

		<ATTACKING> <!-- Sword -->
			<name value = "2" />
			
			<UP>
				<values name = "0" x = "1" y = “256” w = "25" h = "35" frameNumber = "9" margin = "1" pivot_x = "17" pivot_y = "29" flip = "0"/>
			</UP>
			
			<DOWN>
				<values name = "1" x = "1" y = “256” w = "25" h = "35" frameNumber = "5" margin = "1" pivot_x = "17" pivot_y = "29" flip = "0"/>
			</DOWN>

			<RIGHT>
				<values name = "2" x = "1" y = “256” w = "31" h = "33" frameNumber = "9" margin = "1" pivot_x = "17" pivot_y = "29" flip = "0"/>
			</RIGHT>

			<LEFT>
				<values name = "3" x = "1" y = “256” w = "31" h = "33" frameNumber = "9" margin = "1" pivot_x = "17" pivot_y = "29" flip = "1"/>
			</LEFT>

			<loop value = "false" />

			<speed value = "1.2" />

		</ATTACKING>
	

	</BEAMOS>

	<WIZZROVE>

		<name value = "0" /> <!-- Wizzrove -->

		<IDLE> <!-- Idle -->
			<name value = "0"  />

			<UP> 
				<values name = "0" x =“160” y = “288” w = “32” h = “32” frameNumber = "1" margin = "" pivot_x = "17" pivot_y = "29" flip= "0"/>
			</UP>

			<DOWN> 
				<values name = “1” x =“32” y = “288” w = “32” h = “32” frameNumber = "1" margin = "" pivot_x = "17" pivot_y = "29" flip= "0"/>
			</DOWN>

			<RIGHT> 
				<values name = "2" x =“96” y = “288” w = “32” h = “32” frameNumber = "1" margin = "" pivot_x = "17" pivot_y = "29" flip= “1”/>
			</RIGHT>

			<LEFT> 
				<values name = "3" x =“96” y = “288” w = “32” h = “32” frameNumber = "1" margin = "" pivot_x = "17" pivot_y = "29" flip= “0”/>
			</LEFT>
					
			<loop value = "true" />

			<speed value = "0.15" />

		</IDLE>

		

		<ATTACKING> <!-- Sword -->
			<name value = "2" />
			
			<UP>
				<values name = "0" x = “128” y = “288” w = “32” h = “32” frameNumber = “2” margin = "1" pivot_x = "17" pivot_y = "29" flip = "0"/>
			</UP>
			
			<DOWN>
				<values name = "1" x = “0” y = “288” w = “32” h = “32” frameNumber = “2” margin = "1" pivot_x = "17" pivot_y = "29" flip = "0"/>
			</DOWN>

			<RIGHT>
				<values name = "2" x = “64” y = “288” w = “32” h = "33" frameNumber = “2” margin = "1" pivot_x = "17" pivot_y = "29" flip = “1”/>
			</RIGHT>

			<LEFT>
				<values name = "3" x = “64” y = “288” w = “32” h = “32” frameNumber = “2” margin = "1" pivot_x = "17" pivot_y = "29" flip = “0”/>
			</LEFT>

			<loop value = "false" />

			<speed value = "1.2" />

		</ATTACKING>

		

	</WIZZROVE>

	<HELMASAUR>

		<name value = "0" /> <!-- Helmasaur -->

		<IDLE> <!-- Idle -->
			<name value = "0"  />

			<UP> 
				<values name = "0" x ="192" y = "320" w = "32" h = "32" frameNumber = "1" margin = "" pivot_x = "17" pivot_y = "29" flip= "0"/>
			</UP>

			<DOWN> 
				<values name = "1" x ="128" y = "320" w = "32" h = "32" frameNumber = "1" margin = "" pivot_x = "17" pivot_y = "29" flip= "0"/>
			</DOWN>

			<RIGHT> 
				<values name = "2" x ="32" y = "320" w = "32" h = "32" frameNumber = "1" margin = "" pivot_x = "17" pivot_y = "29" flip= "0"/>
			</RIGHT>

			<LEFT> 
				<values name = "3" x ="64" y = "320" w = "32" h = "32" frameNumber = "1" margin = "" pivot_x = "17" pivot_y = "29" flip= "0"/>
			</LEFT>
					
			<loop value = "true" />

			<speed value = "0.15" />

		</IDLE>

		<WALKING> <!-- Walking -->
			<name value = "1"  />

			<UP> 
				<values name = "0" x ="192" y = "320" w = "32" h = "32" frameNumber = "2" margin = "1" pivot_x = "17" pivot_y = "29" flip= "0"/>
			</UP>

			<DOWN> 
				<values name = "1" x ="128" y = "320" w = "32" h = "32" frameNumber = "2" margin = "1" pivot_x = "17" pivot_y = "29" flip= "0"/>
			</DOWN>

			<RIGHT> 
				<values name = "2" x ="0" y = "320" w = "32" h = "32" frameNumber = "2" margin = "1" pivot_x = "17" pivot_y = "29" flip= "0"/>
			</RIGHT>

			<LEFT> 
				<values name = "3" x ="64" y = "320" w = "32" h = "32" frameNumber = "2" margin = "1" pivot_x = "17" pivot_y = "29" flip= "1"/>
			</LEFT>
					
			<loop value = "true" />

			<speed value = "0.6" />

		</WALKING>

		

	</HELMASAUR>
	
	<EYEGORE>

		<name value = "0" /> <!-- Eyesore -->

		<IDLE> <!-- Idle -->
			<name value = "0"  />

			<UP> 
				<values name = "0" x ="256" y = "352" w = "32" h = "32" frameNumber = "1" margin = "" pivot_x = "17" pivot_y = "29" flip= "0"/>
			</UP>

			<DOWN> 
				<values name = "1" x ="32" y = "352" w = "32" h = "32" frameNumber = "1" margin = "" pivot_x = "17" pivot_y = "29" flip= "0"/>
			</DOWN>

			<RIGHT> 
				<values name = "2" x ="96" y = "352" w = "32" h = "32" frameNumber = "1" margin = "" pivot_x = "17" pivot_y = "29" flip= "0"/>
			</RIGHT>

			<LEFT> 
				<values name = "3" x ="96" y = "352" w = "32" h = "32" frameNumber = "1" margin = "" pivot_x = "17" pivot_y = "29" flip= "1"/>
			</LEFT>
					
			<loop value = "true" />

			<speed value = "0.15" />

		</IDLE>

		<WALKING> <!-- Walking -->
			<name value = "1"  />

			<UP> 
				<values name = "0" x ="224" y = "352" w = "32" h = "32" frameNumber = "3" margin = "1" pivot_x = "17" pivot_y = "29" flip= "0"/>
			</UP>

			<DOWN> 
				<values name = "1" x ="128" y = "352" w = "32" h = "32" frameNumber = "3" margin = "1" pivot_x = "17" pivot_y = "29" flip= "0"/>
			</DOWN>

			<RIGHT> 
				<values name = "2" x ="64" y = "352" w = "32" h = "32" frameNumber = "2" margin = "1" pivot_x = "17" pivot_y = "29" flip= "0"/>
			</RIGHT>

			<LEFT> 
				<values name = "3" x ="64" y = "352" w = "32" h = "32" frameNumber = "2" margin = "1" pivot_x = "17" pivot_y = "29" flip= "1"/>
			</LEFT>
					
			<loop value = "true" />

			<speed value = "0.6" />

		</WALKING>

		
	</EYEGORE>
	
	<BUBBLE>

		<name value = "0" /> <!-- Bubble -->

		

		<WALKING> <!-- Walking -->
			<name value = "1"  />

			<walk> 
				<values name = "0" x ="0" y = "384" w = "32" h = "32" frameNumber = "5" margin = "1" pivot_x = "17" pivot_y = "29" flip= "0"/>
			</walk>

					
			<loop value = "true" />

			<speed value = "0.6" />

		</WALKING>


	</BUBBLE>



</animations>
