﻿<!-- Green Soldier Animations -->
<animations>
	
	<name value = "0" />

	<IDLE> <!-- Idle -->
	 <name value = "0"  />

	 <UP> 
     		 <values name = "0" x ="192" y = "0" w = "32" h = "32" frameNumber = "1" margin = "" pivot_x = "17" pivot_y = "29" flip= "0"/>
	 </UP>

		<DOWN> 
				<values name = "1" x ="0" y = "0" w = "32" h = "32" frameNumber = "1" margin = "" pivot_x = "17" pivot_y = "29" flip= "0"/>
		</DOWN>

		<RIGHT> 
 				<values name = "2" x ="64" y = "0" w = "32" h = "32" frameNumber = "1" margin = "" pivot_x = "17" pivot_y = "29" flip= "0"/>
				
		</RIGHT>

			<LEFT> 
				<values name = "3" x ="128" y = "0" w = "32" h = "32" frameNumber = "1" margin = "" pivot_x = "17" pivot_y = "29" flip= "0"/>
			</LEFT>
					
			<loop value = "true" />

			<speed value = "0.15" />

		</IDLE>

		<WALKING> <!-- Walking -->
			<name value = "1"  />

			<UP> 
				<values name = "0" x ="193" y = "1" w = "32" h = "32" frameNumber = "2" margin = "0" pivot_x = "15" pivot_y = "27" flip= "0"/>
			</UP>

			<DOWN> 
				<values name = "1" x ="1" y = "1" w = "32" h = "32" frameNumber = "2" margin = "0" pivot_x = "15" pivot_y = "27" flip= "0"/>
			</DOWN>

			<RIGHT> 
				<values name = "2" x ="65" y = "1" w = "32" h = "32" frameNumber = "2" margin = "0" pivot_x = "15" pivot_y = "27" flip= "0"/>
			</RIGHT>

			<LEFT> 
				<values name = "3" x ="129" y = "1" w = "32" h = "32" frameNumber = "2" margin = "0" pivot_x = "15" pivot_y = "27" flip= "0"/>
			</LEFT>
					
			<loop value = "true" />

			<speed value = "0.1" />

		</WALKING>

</animations>