<!-- Mandatory Link Middle -->
<animations>
	
		<name value = "0" /> 

		<IDLE> <!-- Idle -->
			<name value = "0"  />

			<UP> 
				<values name = "0" x ="360" y = "40" w = "40" h = "40" frameNumber = "1" margin = "" pivot_x = "20" pivot_y = "25" flip= "0"/>
			</UP>

			<DOWN> 
				<values name = "1" x ="360" y = "0" w = "40" h = "40" frameNumber = "1" margin = "" pivot_x = "20" pivot_y = "25" flip= "0"/>
			</DOWN>

			<RIGHT> 
				<values name = "2" x ="360" y = "80" w = "40" h = "40" frameNumber = "1" margin = "" pivot_x = "20" pivot_y = "25" flip= "0"/>
			</RIGHT>

			<LEFT> 
				<values name = "3" x ="360" y = "80" w = "40" h = "40" frameNumber = "1" margin = "" pivot_x = "20" pivot_y = "25" flip= "1"/>
			</LEFT>
					
			<loop value = "true" />

			<speed value = "0.15" />

		</IDLE>

		<WALKING> 
			<name value = "1"  />

			<UP> 
				<values name = "0" x ="0" y = "40" w = "40" h = "40" frameNumber = "12" margin = "" pivot_x = "20" pivot_y = "25" flip= "0"/>
			</UP>

			<DOWN> 
				<values name = "1" x ="0" y = "0" w = "40" h = "40" frameNumber = "12" margin = "" pivot_x = "20" pivot_y = "25" flip= "0"/>
			</DOWN>

			<RIGHT> 
				<values name = "2" x ="0" y = "80" w = "40" h = "40" frameNumber = "12" margin = "" pivot_x = "20" pivot_y = "25" flip= "0"/>
			</RIGHT>

			<LEFT> 
				<values name = "3" x ="0" y = "80" w = "40" h = "40" frameNumber = "12" margin = "" pivot_x = "20" pivot_y = "25" flip= "1"/>
			</LEFT>
					
			<loop value = "true" />

			<speed value = "0.6" />

		</WALKING>

    <ATTACKING> 
			<name value = "2"  />

			<UP> 
				<values name = "0" x ="0" y = "160" w = "40" h = "40" frameNumber = "9" margin = "" pivot_x = "24" pivot_y = "33" flip= "0"/>
			</UP>

			<DOWN> 
				<values name = "1" x ="0" y = "120" w = "40" h = "40" frameNumber = "6" margin = "" pivot_x = "20" pivot_y = "25" flip= "0"/>
			</DOWN>

			<RIGHT> 
				<values name = "2" x ="0" y = "200" w = "40" h = "40" frameNumber = "9" margin = "" pivot_x = "20" pivot_y = "25" flip= "0"/>
			</RIGHT>

			<LEFT> 
				<values name = "3" x ="0" y = "200" w = "40" h = "40" frameNumber = "9" margin = "" pivot_x = "20" pivot_y = "25" flip= "1"/>
			</LEFT>
					
			<loop value = "false" />

			<speed value = "1.2" />

		</ATTACKING>

  <DODGING>
    <!-- Dodging -->
    <name value = "3"  />

    <UP>
      <values name = "0" x ="360" y = "40" w = "40" h = "40" frameNumber = "1" margin = "" pivot_x = "20" pivot_y = "25" flip= "0"/>
    </UP>

    <DOWN>
      <values name = "1" x ="360" y = "0" w = "40" h = "40" frameNumber = "1" margin = "" pivot_x = "20" pivot_y = "25" flip= "0"/>
    </DOWN>

    <RIGHT>
      <values name = "2" x ="360" y = "80" w = "40" h = "40" frameNumber = "1" margin = "" pivot_x = "20" pivot_y = "25" flip= "0"/>
    </RIGHT>

    <LEFT>
      <values name = "3" x ="360" y = "80" w = "40" h = "40" frameNumber = "1" margin = "" pivot_x = "20" pivot_y = "25" flip= "1"/>
    </LEFT>

    <loop value = "true" />

    <speed value = "0.15" />

  </DODGING>

  <DAMAGED>
    <!-- Damaged -->
    <name value = "4"  />

    <UP>
      <values name = "0" x ="360" y = "40" w = "40" h = "40" frameNumber = "1" margin = "" pivot_x = "20" pivot_y = "25" flip= "0"/>
    </UP>

    <DOWN>
      <values name = "1" x ="360" y = "0" w = "40" h = "40" frameNumber = "1" margin = "" pivot_x = "20" pivot_y = "25" flip= "0"/>
    </DOWN>

    <RIGHT>
      <values name = "2" x ="360" y = "80" w = "40" h = "40" frameNumber = "1" margin = "" pivot_x = "20" pivot_y = "25" flip= "0"/>
    </RIGHT>

    <LEFT>
      <values name = "3" x ="360" y = "80" w = "40" h = "40" frameNumber = "1" margin = "" pivot_x = "20" pivot_y = "25" flip= "1"/>
    </LEFT>

    <loop value = "true" />

    <speed value = "0.15" />

  </DAMAGED>
  
  

  <SHOOTING_BOW>
    <name value = "5"  />

    <UP>
      <values name = "0" x ="720" y = "200" w = "40" h = "40" frameNumber = "3" margin = "" pivot_x = "20" pivot_y = "25" flip= "0"/>
    </UP>

    <DOWN>
      <values name = "1" x ="720" y = "160" w = "40" h = "40" frameNumber = "3" margin = "" pivot_x = "20" pivot_y = "25" flip= "0"/>
    </DOWN>

    <RIGHT>
      <values name = "2" x ="720" y = "240" w = "40" h = "40" frameNumber = "3" margin = "" pivot_x = "20" pivot_y = "25" flip= "0"/>
    </RIGHT>

    <LEFT>
      <values name = "3" x ="720" y = "240" w = "40" h = "40" frameNumber = "3" margin = "" pivot_x = "20" pivot_y = "25" flip= "1"/>
    </LEFT>

    <loop value = "true" />

    <speed value = "0.6" />

  </SHOOTING_BOW>
		
		<ESPECIAL_ATTACK> 
			<name value = "12112"  />

			<UP> 
				<values name = "0" x ="0" y = "320" w = "40" h = "40" frameNumber = "16" margin = "" pivot_x = "20" pivot_y = "25" flip= "0"/>
			</UP>

			<DOWN> 
				<values name = "1" x ="0" y = "280" w = "40" h = "40" frameNumber = "15" margin = "" pivot_x = "20" pivot_y = "25" flip= "0"/>
			</DOWN>

			<RIGHT> 
				<values name = "2" x ="0" y = "360" w = "40" h = "40" frameNumber = "28" margin = "" pivot_x = "20" pivot_y = "25" flip= "0"/>
			</RIGHT>

			<LEFT> 
				<values name = "3" x ="0" y = "360" w = "40" h = "40" frameNumber = "28" margin = "" pivot_x = "20" pivot_y = "25" flip= "1"/>
			</LEFT>
					
			<loop value = "true" />

			<speed value = "0.6" />

		</ESPECIAL_ATTACK>

		<PULL> 
			<name value = "1112"  />

			<UP> 
				<values name = "0" x ="360" y = "200" w = "40" h = "40" frameNumber = "5" margin = "" pivot_x = "20" pivot_y = "25" flip= "0"/>
			</UP>

			<DOWN> 
				<values name = "1" x ="360" y = "160" w = "40" h = "40" frameNumber = "5" margin = "" pivot_x = "20" pivot_y = "25" flip= "0"/>
			</DOWN>

			<RIGHT> 
				<values name = "2" x ="480" y = "120" w = "40" h = "40" frameNumber = "5" margin = "" pivot_x = "20" pivot_y = "25" flip= "0"/>
			</RIGHT>

			<LEFT> 
				<values name = "3" x ="480" y = "120" w = "40" h = "40" frameNumber = "5" margin = "" pivot_x = "20" pivot_y = "25" flip= "1"/>
			</LEFT>
					
			<loop value = "true" />

			<speed value = "0.6" />

		</PULL>
		
		<PUSH> 
			<name value = "133333"  />

			<UP> 
				<values name = "0" x ="160" y = "240" w = "40" h = "40" frameNumber = "3" margin = "" pivot_x = "20" pivot_y = "25" flip= "0"/>
			</UP>

			<DOWN> 
				<values name = "1" x ="0" y = "240" w = "40" h = "40" frameNumber = "3" margin = "" pivot_x = "20" pivot_y = "25" flip= "0"/>
			</DOWN>

			<RIGHT> 
				<values name = "2" x ="360" y = "240" w = "40" h = "40" frameNumber = "4" margin = "" pivot_x = "20" pivot_y = "25" flip= "0"/>
			</RIGHT>

			<LEFT> 
				<values name = "3" x ="360" y = "240" w = "40" h = "40" frameNumber = "4" margin = "" pivot_x = "20" pivot_y = "25" flip= "1"/>
			</LEFT>
					
			<loop value = "true" />

			<speed value = "0.6" />

		</PUSH>
		
		<WALK_SWORD> 
			<name value = "1888"  />

			<UP> 
				<values name = "0" x ="520" y = "40" w = "40" h = "40" frameNumber = "5" margin = "" pivot_x = "20" pivot_y = "25" flip= "0"/>
			</UP>

			<DOWN> 
				<values name = "1" x ="520" y = "0" w = "40" h = "40" frameNumber = "5" margin = "" pivot_x = "20" pivot_y = "25" flip= "0"/>
			</DOWN>

			<RIGHT> 
				<values name = "2" x ="520" y = "80" w = "40" h = "40" frameNumber = "4" margin = "" pivot_x = "20" pivot_y = "25" flip= "0"/>
			</RIGHT>

			<LEFT> 
				<values name = "3" x ="520" y = "80" w = "40" h = "40" frameNumber = "4" margin = "" pivot_x = "20" pivot_y = "25" flip= "1"/>
			</LEFT>
					
			<loop value = "true" />

			<speed value = "0.6" />

		</WALK_SWORD>
		
		<BOOMERANG> 
			<name value = "189"  />

			<UP> 
				<values name = "0" x ="560" y = "200" w = "40" h = "40" frameNumber = "1" margin = "" pivot_x = "20" pivot_y = "25" flip= "0"/>
			</UP>

			<DOWN> 
				<values name = "1" x ="560" y = "160" w = "40" h = "40" frameNumber = "1" margin = "" pivot_x = "20" pivot_y = "25" flip= "0"/>
			</DOWN>

			<RIGHT> 
				<values name = "2" x ="560" y = "240" w = "40" h = "40" frameNumber = "1" margin = "" pivot_x = "20" pivot_y = "25" flip= "0"/>
			</RIGHT>

			<LEFT> 
				<values name = "3" x ="560" y = "240" w = "40" h = "40" frameNumber = "1" margin = "" pivot_x = "20" pivot_y = "25" flip= "1"/>
			</LEFT>
					
			<loop value = "true" />

			<speed value = "0.6" />

		</BOOMERANG>
		
		<name value = "0" /> 

		<TAKE_STH> 
			<name value = ""  />

			<UP> 
				<values name = "0" x ="480" y = "40" w = "40" h = "40" frameNumber = "6" margin = "" pivot_x = "20" pivot_y = "25" flip= "0"/>
			</UP>

			<DOWN> 
				<values name = "1" x ="480" y = "0" w = "40" h = "40" frameNumber = "6" margin = "" pivot_x = "20" pivot_y = "25" flip= "0"/>
			</DOWN>

			<RIGHT> 
				<values name = "2" x ="480" y = "80" w = "40" h = "40" frameNumber = "6" margin = "" pivot_x = "20" pivot_y = "25" flip= "0"/>
			</RIGHT>

			<LEFT> 
				<values name = "3" x ="480" y = "80" w = "40" h = "40" frameNumber = "6" margin = "" pivot_x = "20" pivot_y = "25" flip= "1"/>
			</LEFT>
					
			<loop value = "true" />

			<speed value = "0.15" />

		</TAKE_STH>

  <JUMP>
    <!-- Jump -->
    <name value = "9"  />

    <UP>
      <values name = "0" x ="360" y = "40" w = "40" h = "40" frameNumber = "1" margin = "" pivot_x = "20" pivot_y = "25" flip= "0"/>
    </UP>

    <DOWN>
      <values name = "1" x ="360" y = "0" w = "40" h = "40" frameNumber = "1" margin = "" pivot_x = "20" pivot_y = "25" flip= "0"/>
    </DOWN>

    <RIGHT>
      <values name = "2" x ="360" y = "80" w = "40" h = "40" frameNumber = "1" margin = "" pivot_x = "20" pivot_y = "25" flip= "0"/>
    </RIGHT>

    <LEFT>
      <values name = "3" x ="360" y = "80" w = "40" h = "40" frameNumber = "1" margin = "" pivot_x = "20" pivot_y = "25" flip= "1"/>
    </LEFT>

    <loop value = "true" />

    <speed value = "0.15" />

  </JUMP>
		
</animations>
